scenario_id,random_seed,scenario_label,controller,IAE_HP_pH,RMSE_HP_pH,Sigma_HP_pH,PeakDev_HP_pH,OutRange_HP_pH,IAE_MP_pH,RMSE_MP_pH,Sigma_MP_pH,PeakDev_MP_pH,OutRange_MP_pH,IAE_COND_kappa,RMSE_COND_kappa,Sigma_COND_kappa,PeakDev_COND_kappa,OutRange_COND_kappa,ZoneActive_COND_kappa,RecoveryTime_mean_min,NotRecovered_count,TV_FW_NH3_PID_SP,Saturation_FW_NH3_PID_SP,TV_COND_NH3_PID_SP,Saturation_COND_NH3_PID_SP,QP_infeasible_count,DMC_withdrawal_count,DMC_active_ratio,MV_amplitude_constraint_active_ratio,MV_rate_constraint_active_ratio,CV_constraint_active_ratio
101,20261312,conductivity-zone stress,DMC-DV hold,1.3985394300473608,0.005301022171282764,0.004516296161532945,0.013428719596706884,0.0,0.9958311284423207,0.0034674799144840296,0.003087775863284589,0.009722271332677224,0.0,60.888675093334136,0.16941714614175996,0.009783480992237142,0.19305382305393823,0.9777777777777777,1.0,73.55555555555556,0,3.9832793932457635,0.0,5.230915372405066,0.0,33,11,0.06111111111111111,0.0,0.15833333333333333,0.0
102,20261313,conductivity-zone stress,DMC-DV hold,1.1858081360366022,0.004209074856818871,0.004203039426378857,0.01200736640257638,0.0,1.242870522635604,0.004194061452877524,0.004183825917331715,0.010339712411113311,0.0,65.2712991878453,0.18148121579404794,0.007911539339223188,0.20414931811053785,1.0,1.0,0.0,3,4.108258315295918,0.0,5.136792773619691,0.0,33,11,0.06111111111111111,0.0,0.18055555555555555,0.0
103,20261314,conductivity-zone stress,DMC-DV hold,1.3890570639114141,0.005220985538731242,0.005163334746862747,0.015433621010650711,0.0,1.470690309637762,0.006247856905545008,0.0061141300874764685,0.021186355295133907,0.0,64.56842753420432,0.17960878624197735,0.009525061712571647,0.2083084500448197,1.0,1.0,0.0,3,4.2908666780043365,0.0,5.198051865825196,0.0,33,11,0.06111111111111111,0.0,0.22777777777777777,0.0
104,20261315,conductivity-zone stress,DMC-DV hold,1.2608083963799608,0.004368611400055854,0.0043627876773831755,0.012451032295038189,0.0,1.1048828470102627,0.0036742798755675177,0.0036010150104841612,0.009297986299444005,0.0,64.11955538547383,0.17821008849966904,0.00598390787305962,0.19771680861932164,1.0,1.0,0.0,3,4.333256151405089,0.0,5.374141187681143,0.0,33,11,0.06111111111111111,0.0,0.23333333333333334,0.0
105,20261316,conductivity-zone stress,DMC-DV hold,1.5055490418502817,0.005199291425075692,0.004540630311385198,0.016227382335948448,0.0,1.397360126620912,0.004802374565931374,0.0047443095724790775,0.013155346955784353,0.0,59.84071312371495,0.16685011701895597,0.014458788280743805,0.19130852809932916,0.8722222222222222,1.0,30.666666666666668,0,4.165050228745169,0.0,5.237918510671635,0.016666666666666666,31,10,0.1388888888888889,0.044444444444444446,0.21388888888888888,0.0
106,20261317,conductivity-zone stress,DMC-DV hold,1.4244642465217652,0.004475077324414535,0.004177698459304132,0.009028062839469442,0.0,1.4680717604863247,0.004961518645950076,0.004523056182268592,0.012381873802389975,0.0,66.45948355062697,0.1849611774612188,0.011413428515579988,0.2145413287725139,1.0,1.0,0.0,3,3.797192948413921,0.0,5.1718960977276405,0.0,33,11,0.06111111111111111,0.0,0.20277777777777778,0.0
107,20261318,conductivity-zone stress,DMC-DV hold,1.4563769673132931,0.005136726210690474,0.004241967084448842,0.01348339340840532,0.0,1.1574533169081356,0.003916004923561862,0.0039041119755387167,0.00991103739028354,0.0,60.21798955718569,0.16760035770789286,0.010497589745960169,0.18855803155171832,0.9416666666666667,1.0,40.111111111111114,0,4.194767810124223,0.0,5.757653984751387,0.0,33,11,0.07222222222222222,0.0,0.23333333333333334,0.0
108,20261319,conductivity-zone stress,DMC-DV hold,1.3942453346441734,0.004914690810206274,0.004626286990332959,0.01308898933867475,0.0,1.5973766504048772,0.005395404057888038,0.004643576207445025,0.015906518270650594,0.0,60.48364340967593,0.16832708282816597,0.010339397879316809,0.18528911522258337,0.925,1.0,7.5,1,4.508355015411528,0.0,6.006813297526927,0.0,38,11,0.11388888888888889,0.011111111111111112,0.24444444444444444,0.0
109,20261320,conductivity-zone stress,DMC-DV hold,1.452782705706726,0.005095003641255843,0.005064614516396988,0.012685244107565552,0.0,1.7542026538058515,0.0066010643816245005,0.00632819176518449,0.020112444314161593,0.0,63.75325725713103,0.17736128787693836,0.009776524677137558,0.20403063647162337,1.0,1.0,0.0,3,3.963110463782308,0.0,5.122494734381791,0.0,33,11,0.06111111111111111,0.0,0.18333333333333332,0.0
110,20261321,conductivity-zone stress,DMC-DV hold,1.4027606535922335,0.004856054093543261,0.004833604280997543,0.01231404670783931,0.0,1.252226725697021,0.004124001222637794,0.004060122631071177,0.009465303606029707,0.0,63.62779163439335,0.1769685217510794,0.00892664509615169,0.19794529779128392,1.0,1.0,0.0,3,4.16597775123188,0.0,5.157447383829952,0.0,33,11,0.06111111111111111,0.0,0.2222222222222222,0.0
111,20261322,conductivity-zone stress,DMC-DV hold,1.8317908030896657,0.006227374073244091,0.004739323622375927,0.018309420414404087,0.0,1.3540791206607175,0.004781384128818942,0.004190628476398447,0.012010523530662454,0.0,59.0073829475086,0.16412210054210552,0.008364675210424374,0.18350667973591075,0.9833333333333333,1.0,0.0,3,4.015164564275762,0.0,5.446367462864502,0.0,33,11,0.06111111111111111,0.0,0.2111111111111111,0.0
112,20261323,conductivity-zone stress,DMC-DV hold,1.288995867783557,0.00479450354649214,0.004773664296218038,0.01585660230746555,0.0,1.5487285662850976,0.00514209705817221,0.004160414382773994,0.01223255911357235,0.0,64.75394941467651,0.18012942736260518,0.009638614412412044,0.2122365890228041,1.0,1.0,0.0,3,3.8254110257321576,0.0,5.069310144540893,0.0,33,11,0.06111111111111111,0.0,0.18333333333333332,0.0
113,20261324,conductivity-zone stress,DMC-DV hold,1.0190090356898853,0.0034535195298545703,0.00323980932024196,0.00881271165308739,0.0,1.413372975271061,0.004842851721209404,0.004418967649770099,0.011584933141984166,0.0,64.3924180178791,0.17917354676093025,0.010476875954526005,0.20562720347467026,1.0,1.0,0.0,3,3.8197531512390035,0.0,5.391403107497857,0.0,33,11,0.06111111111111111,0.0,0.17222222222222222,0.0
114,20261325,conductivity-zone stress,DMC-DV hold,1.2595787361816342,0.004445837665067331,0.0043638517692676905,0.013787419330624218,0.0,1.0368851099590781,0.0035220347275158226,0.003478972729178472,0.0093924032199304,0.0,65.29352410669217,0.18166883130614792,0.010414512824666407,0.20784524529466478,1.0,1.0,0.0,3,4.245954880279062,0.0,4.761143411253967,0.0,33,11,0.06111111111111111,0.0,0.16111111111111112,0.0
115,20261326,conductivity-zone stress,DMC-DV hold,1.5980000320177723,0.0054532308065635025,0.004604168126143914,0.012925345390801368,0.0,1.379663761242771,0.004562716004610537,0.004446829965749595,0.010482269388409904,0.0,67.42079537211164,0.18787792265055872,0.014998169288279734,0.22554403419669924,1.0,1.0,0.0,3,4.04941254320355,0.0,5.048116433993115,0.0,33,11,0.06111111111111111,0.0,0.16666666666666666,0.0
116,20261327,conductivity-zone stress,DMC-DV hold,1.6399442705846976,0.005936277678380873,0.005586193564901103,0.01660084936294659,0.0,1.326329285070445,0.004732369558041632,0.004551233341659765,0.015605285307026762,0.0,66.20553258041329,0.18464347393306169,0.016528627835313114,0.22653902027025105,1.0,1.0,0.0,3,4.156369320181011,0.0,5.3735251548068215,0.0,33,11,0.06111111111111111,0.0,0.225,0.0
117,20261328,conductivity-zone stress,DMC-DV hold,1.1448344678060725,0.004098653191476934,0.004005658139713608,0.011544884660859012,0.0,1.2533685879399634,0.004872059168911756,0.004846744159257613,0.014686551417861793,0.0,63.781691486173365,0.17734631111843693,0.00788632792325555,0.2009939150586683,1.0,1.0,0.0,3,4.074401836785509,0.0,4.92102598098989,0.0,33,11,0.06111111111111111,0.0,0.18888888888888888,0.0
118,20261329,conductivity-zone stress,DMC-DV hold,1.0947449722232747,0.003994418638884989,0.003937019131794643,0.012743585698684612,0.0,1.3268190496364571,0.0042866846174567435,0.004279128148221765,0.010668007849295336,0.0,63.778051466607096,0.1773592772000946,0.00839040023879242,0.20508905256819157,1.0,1.0,0.0,3,4.0944772476656475,0.0,5.047173770076992,0.0,33,11,0.06111111111111111,0.0,0.17777777777777778,0.0
119,20261330,conductivity-zone stress,DMC-DV hold,1.056648808442299,0.003866520196146222,0.0036429362510363894,0.012938155230790116,0.0,1.1688787633076885,0.0041047267399714656,0.0035217751520967263,0.00966982104773173,0.0,61.12448335446551,0.16998772054662933,0.008203007068259015,0.18947269368887218,1.0,1.0,0.0,3,4.29291084528589,0.0,4.968967926083124,0.0,34,11,0.06666666666666667,0.0,0.15555555555555556,0.0
120,20261331,conductivity-zone stress,DMC-DV hold,1.5748315413796696,0.005853821289878539,0.005652190276827972,0.01842768019790597,0.0,1.2941387208374042,0.004994103448473295,0.0049326099524802935,0.015202103831732927,0.0,61.961741616325725,0.1722524352938205,0.006865312138537608,0.1907066410638493,1.0,1.0,0.0,3,4.287180846717888,0.0,5.2527778041300195,0.0,33,11,0.06111111111111111,0.0,0.21388888888888888,0.0
121,20261332,conductivity-zone stress,DMC-DV hold,1.14164060715186,0.004227237605808732,0.0042326571692115535,0.013000352341158816,0.0,1.5186648645074108,0.0052315829561837566,0.004075060198530926,0.014094928246205285,0.0,63.51155064184058,0.17655886767887605,0.00698636303346812,0.19235312316347755,1.0,1.0,0.0,3,4.029289593985884,0.0,5.028049696837427,0.0,33,11,0.06111111111111111,0.0,0.21388888888888888,0.0
122,20261333,conductivity-zone stress,DMC-DV hold,1.0105510892596854,0.0034170848833792898,0.0034086035938006966,0.008278357392605074,0.0,1.1932016391944789,0.004254292393446557,0.004207302799523988,0.015445134312802367,0.0,63.3680231030268,0.17629051019661174,0.009734572633755321,0.19986110148537442,1.0,1.0,0.0,3,3.8301860442009996,0.0,5.266254456022217,0.0,33,11,0.06111111111111111,0.0,0.19166666666666668,0.0
123,20261334,conductivity-zone stress,DMC-DV hold,1.3720525363010605,0.004941151542145729,0.004781137965393083,0.015191987125996675,0.0,1.2775979723876834,0.004195060212256335,0.003998241276216502,0.011874017731097197,0.0,63.56301236764178,0.17667199180108076,0.006187085683669475,0.19626725236494044,1.0,1.0,0.0,3,4.22823244549889,0.0,5.329112446629443,0.0,33,11,0.06111111111111111,0.0,0.21666666666666667,0.0
124,20261335,conductivity-zone stress,DMC-DV hold,1.3210343715114874,0.004350401409010007,0.004301117294970668,0.010056976847129917,0.0,1.6138791728500177,0.005492210846923353,0.004068510452817151,0.013633405908453966,0.0,64.33299066102441,0.1790767641766485,0.011583898090686185,0.2113805063315595,1.0,1.0,0.0,3,3.913523803104362,0.0,5.201255552937099,0.0,33,11,0.06111111111111111,0.0,0.175,0.0
125,20261336,conductivity-zone stress,DMC-DV hold,1.756216804776514,0.006023613534276227,0.004900044577968606,0.014741636555974935,0.0,1.6496683426445742,0.006113436209421291,0.00467935495488407,0.017739558463464533,0.0,65.43974565209078,0.18205888254719,0.010139955002744106,0.20261233808095117,1.0,1.0,0.0,3,3.760364868232074,0.0,5.175214755336338,0.0,33,11,0.06111111111111111,0.0,0.17777777777777778,0.0
126,20261337,conductivity-zone stress,DMC-DV hold,1.7931661808966357,0.006519864104893904,0.005317602497253418,0.01983631365143701,0.0,1.5251287910793447,0.005220186805094283,0.004775446621441317,0.014592379261806343,0.0,61.26940032779538,0.17083250021537388,0.014790838501684606,0.19264568088926828,0.8472222222222222,1.0,42.77777777777778,0,3.9837179805232275,0.016666666666666666,5.3453940856004305,0.022222222222222223,30,10,0.1388888888888889,0.06944444444444445,0.20833333333333334,0.0
127,20261338,conductivity-zone stress,DMC-DV hold,1.8066297922971302,0.006028643153961274,0.005457162502963289,0.01619077918036993,0.0,1.3713910387686443,0.004908245752276287,0.004496386085580347,0.014865773379808545,0.0,61.08519859889857,0.16993054372020164,0.009216697196946382,0.19017205097402748,0.9833333333333333,1.0,48.77777777777778,0,4.250423040825545,0.0,5.1059875654513736,0.0,33,11,0.06111111111111111,0.0,0.21666666666666667,0.0
128,20261339,conductivity-zone stress,DMC-DV hold,1.3219319812230559,0.0046343471387640224,0.0042738111255425015,0.012306662799032253,0.0,0.7906338721493515,0.0030818519222260646,0.003078940756267157,0.011158372162174857,0.0,61.6538800446078,0.17150595578199054,0.009180027920799036,0.1991793638502596,0.9888888888888889,1.0,0.0,3,4.144847529084863,0.0,5.075499220290894,0.0,33,11,0.06111111111111111,0.0,0.18055555555555555,0.0
129,20261340,conductivity-zone stress,DMC-DV hold,1.2662712072146398,0.0043376261206673474,0.0030668537285990045,0.010028444306422912,0.0,1.3242528095508632,0.004826207256250048,0.004813080193567937,0.013371509375916801,0.0,60.17246370849384,0.1673904919097274,0.009061399526561462,0.19390587153212527,0.9861111111111112,1.0,0.0,3,4.0728751168575075,0.0,5.500088044267427,0.0,33,11,0.06111111111111111,0.0,0.20833333333333334,0.0
130,20261341,conductivity-zone stress,DMC-DV hold,1.3152114079814083,0.004349400076768562,0.004325239124966886,0.01112731985290516,0.0,1.5209500169016739,0.005338112782648367,0.005334596173731611,0.014737094144066987,0.0,63.70232545324936,0.17720225223253605,0.00944794748057082,0.19886624090431101,1.0,1.0,0.0,3,3.7021884999182335,0.0,5.533534927013551,0.0,33,11,0.06111111111111111,0.0,0.1638888888888889,0.0
