comparison,metric,n,paired_difference,bootstrap95_low,bootstrap95_high,paired_dz
DMC-DV hold − PI-diagonal,HP pH IAE,30,-0.12486816091667811,-0.2257274690655102,-0.032285559060411986,-0.44138200813332196
DMC-DV hold − PI-diagonal,IP pH IAE,30,-0.18638316662643137,-0.26277510043636837,-0.11513380151649703,-0.8898149613420904
DMC-DV hold − PI-diagonal,HP pH RMSE,30,-0.0005114377531085399,-0.0008879475486518858,-0.00016919532935653827,-0.5017277264902157
DMC-DV hold − PI-diagonal,IP pH RMSE,30,-0.00060251955806124,-0.0008234134970457614,-0.00038580473192315957,-0.9678240887054023
DMC-DV hold − PI-diagonal,J_e,30,-3.1125132754310942,-4.642983563422544,-1.8097012267638022,-0.772475032435385
DMC-DV hold − PI-diagonal,J_u,30,-5.134079588431169,-5.260137341314356,-5.008848782361557,-14.247261942270962
DMC-DV hold − PI-diagonal,MV1 TV,30,0.6246827553637826,0.5517387158539545,0.6930095353111535,3.0719513229113953
DMC-DV hold − PI-diagonal,MV2 TV,30,-4.731946426108719,-4.80219976236225,-4.660696605370975,-23.747202453109814
DMC-DV hold − PI-cross,HP pH IAE,30,-0.2636120600416796,-0.36262116406577316,-0.17336117609706883,-0.9857057706334834
DMC-DV hold − PI-cross,IP pH IAE,30,-0.13403283894979987,-0.21693957391089144,-0.05783837287914984,-0.5908577469287698
DMC-DV hold − PI-cross,HP pH RMSE,30,-0.0009579073086040499,-0.0013048096208841285,-0.0006522688557468938,-1.0284126507456846
DMC-DV hold − PI-cross,IP pH RMSE,30,-0.00042743932629198,-0.0006828500641583494,-0.00018170480252410157,-0.6069300740776638
DMC-DV hold − PI-cross,J_e,30,-3.976448989914795,-5.496241971347325,-2.6636985610544626,-0.9872041053283015
DMC-DV hold − PI-cross,J_u,30,-1.579852779159317,-1.6973817417845884,-1.4685314388360364,-4.915294977319866
DMC-DV hold − PI-cross,MV1 TV,30,2.2368333574546426,2.1736576198744206,2.2991678616637983,12.510371060674144
DMC-DV hold − PI-cross,MV2 TV,30,-3.5007155807820967,-3.5672434401608832,-3.4381284327285817,-19.033753327707373
