comparison,metric,n,A_mean,A_SD,B_mean,B_SD,paired_relative_change_pct,paired_delta,bootstrap95_low,bootstrap95_high,paired_dz,comparison_group
PID-diagonal vs PID-cross,IAE_HP_pH,30,1.2999568638202732,0.3040683602576267,1.4387007629452746,0.306189035050621,10.672961771767188,0.13874389912500149,0.08952892966806163,0.19759731914386003,0.907917854024804,PID pairing
PID-diagonal vs PID-cross,RMSE_HP_pH,30,0.004616312118443683,0.0011079921937075124,0.005062781673939193,0.0010897109426939615,9.671563448054517,0.0004464695554955098,0.00028422533097098357,0.0006281281843727134,0.9018360708225898,PID pairing
PID-diagonal vs PID-cross,Sigma_HP_pH,30,0.0043461097379291465,0.0009270148025817889,0.004578583268329233,0.0009596621606165051,5.349002773014568,0.00023247353040008542,0.0001542992312858072,0.00031459958733196175,0.9883694146050406,PID pairing
PID-diagonal vs PID-cross,PeakDev_HP_pH,30,0.013137979452833903,0.0036543055330681843,0.013851356786823624,0.003399852605698997,5.4298862054913855,0.0007133773339897213,0.00027336193953505583,0.0011639811490391741,0.5561370571912493,PID pairing
PID-diagonal vs PID-cross,OutRange_HP_pH,30,0.0,0.0,0.0,0.0,,0.0,0.0,0.0,,PID pairing
PID-diagonal vs PID-cross,IAE_MP_pH,30,1.3698456924491422,0.2557813508652721,1.3174953647725107,0.2530450151448114,-3.8216222429428925,-0.05235032767663146,-0.09074439657380896,-0.015585665675487801,-0.4935407566740269,PID pairing
PID-diagonal vs PID-cross,RMSE_MP_pH,30,0.00477429386911471,0.0008802879654470873,0.004599213637345445,0.0008819855640083603,-3.667144012685785,-0.000175080231769266,-0.0003119488243578996,-4.647813593395848e-05,-0.46421244099096465,PID pairing
PID-diagonal vs PID-cross,Sigma_MP_pH,30,0.004343528980755616,0.0006784783498753543,0.0043104453178957345,0.000701517953553192,-0.7616770374149994,-3.308366285987971e-05,-0.00012249359464273148,5.37316258126281e-05,-0.1322576391436948,PID pairing
PID-diagonal vs PID-cross,PeakDev_MP_pH,30,0.013266452599965166,0.002873941809547059,0.012741186837100809,0.002797190235487641,-3.9593535566978653,-0.0005252657628643575,-0.0009255190262132521,-0.00014911807087252853,-0.4647854263409766,PID pairing
PID-diagonal vs PID-cross,OutRange_MP_pH,30,0.0,0.0,0.0,0.0,,0.0,0.0,0.0,,PID pairing
PID-diagonal vs PID-cross,IAE_COND_kappa,30,3.022580088740978,0.7219048825682063,2.7402640124006683,0.9052998596404079,-9.340234768035724,-0.2823160763403096,-0.5560501253112409,-0.017370546058354613,-0.3714497136895101,PID pairing
PID-diagonal vs PID-cross,RMSE_COND_kappa,30,0.010235500206791802,0.0023214926266237955,0.009486692741535008,0.0029302901234550547,-7.315787700926624,-0.0007488074652567941,-0.0015909217560711075,0.00012640510630545696,-0.30642845610293246,PID pairing
PID-diagonal vs PID-cross,Sigma_COND_kappa,30,0.008405257664313437,0.0015495720125149844,0.008258705352275155,0.0017793401003474885,-1.7435790536262232,-0.00014655231203828197,-0.0005100578217613176,0.00021434204996217127,-0.14063694262410856,PID pairing
PID-diagonal vs PID-cross,PeakDev_COND_kappa,30,0.02542170125639366,0.005081915638719275,0.024964566254390398,0.006764234456195066,-1.7982077493271293,-0.0004571350020032727,-0.0023506292384403156,0.0014749682614836964,-0.08352853993636483,PID pairing
PID-diagonal vs PID-cross,OutRange_COND_kappa,30,0.0,0.0,0.0,0.0,,0.0,0.0,0.0,,PID pairing
PID-diagonal vs PID-cross,ZoneActive_COND_kappa,30,0.0,0.0,0.0,0.0,,0.0,0.0,0.0,,PID pairing
PID-diagonal vs PID-cross,RecoveryTime_mean_min,30,0.0,0.0,0.0,0.0,,0.0,0.0,0.0,,PID pairing
PID-diagonal vs PID-cross,TV_FW_NH3_PID_SP,30,4.229321688149915,0.18245448766607958,2.6171710860590554,0.12213586343604847,-38.118419949182986,-1.6121506020908598,-1.6778547428954063,-1.5452466114069874,-8.672785156511413,PID pairing
PID-diagonal vs PID-cross,Saturation_FW_NH3_PID_SP,30,0.0,0.0,0.0,0.0,,0.0,0.0,0.0,,PID pairing
PID-diagonal vs PID-cross,TV_COND_NH3_PID_SP,30,5.483556351530711,0.19947827456236153,4.252325506204091,0.18392266664042156,-22.453144754916714,-1.2312308453266212,-1.3157493777139768,-1.1467283996472069,-5.171660398436225,PID pairing
PID-diagonal vs PID-cross,Saturation_COND_NH3_PID_SP,30,0.0,0.0,0.0,0.0,,0.0,0.0,0.0,,PID pairing
PID-diagonal vs PID-cross,QP_infeasible_count,30,0.0,0.0,0.0,0.0,,0.0,0.0,0.0,,PID pairing
PID-diagonal vs PID-cross,DMC_withdrawal_count,30,0.0,0.0,0.0,0.0,,0.0,0.0,0.0,,PID pairing
PID-diagonal vs PID-cross,DMC_active_ratio,30,1.0,0.0,1.0,0.0,0.0,0.0,0.0,0.0,,PID pairing
PID-diagonal vs PID-cross,MV_amplitude_constraint_active_ratio,30,0.0,0.0,0.0,0.0,,0.0,0.0,0.0,,PID pairing
PID-diagonal vs PID-cross,MV_rate_constraint_active_ratio,30,0.1909259259259259,0.019950093829144876,0.052962962962962976,0.012029420913074011,-72.25994180407369,-0.13796296296296298,-0.14379629629629628,-0.1322222222222222,-8.283068783609027,PID pairing
PID-diagonal vs PID-cross,CV_constraint_active_ratio,30,0.0,0.0,0.0,0.0,,0.0,0.0,0.0,,PID pairing
PID-diagonal vs DMC-DV hold,IAE_HP_pH,30,1.2999568638202732,0.3040683602576267,1.1750887029035948,0.1639145407835823,-9.60556187608562,-0.12486816091667811,-0.22572746906551017,-0.032285559060411965,-0.44138200813332196,DMC vs diagonal
PID-diagonal vs DMC-DV hold,RMSE_HP_pH,30,0.004616312118443683,0.0011079921937075124,0.00410487436533514,0.0005770663403050546,-11.078924907724085,-0.0005114377531085416,-0.0008905450398132464,-0.0001625977063926954,-0.5017277264902121,DMC vs diagonal
PID-diagonal vs DMC-DV hold,Sigma_HP_pH,30,0.0043461097379291465,0.0009270148025817889,0.004023489527958695,0.0005966788690956046,-7.423195211913244,-0.0003226202099704514,-0.0006155885574193855,-5.6355809699671195e-05,-0.4082051315655952,DMC vs diagonal
PID-diagonal vs DMC-DV hold,PeakDev_HP_pH,30,0.013137979452833903,0.0036543055330681843,0.011674226731547737,0.002166043616649393,-11.14138385237336,-0.0014637527212861675,-0.0026345014978053204,-0.0004303222821459037,-0.4645531239064473,DMC vs diagonal
PID-diagonal vs DMC-DV hold,OutRange_HP_pH,30,0.0,0.0,0.0,0.0,,0.0,0.0,0.0,,DMC vs diagonal
PID-diagonal vs DMC-DV hold,IAE_MP_pH,30,1.3698456924491422,0.2557813508652721,1.1834625258227112,0.14702239514608323,-13.606143206772236,-0.18638316662643137,-0.26534051657628244,-0.1161302371737847,-0.8898149613420905,DMC vs diagonal
PID-diagonal vs DMC-DV hold,RMSE_MP_pH,30,0.00477429386911471,0.0008802879654470873,0.004171774311053475,0.0005767426818367916,-12.620076907267523,-0.0006025195580612351,-0.0008226732491173558,-0.00038651964601461457,-0.9678240887053958,DMC vs diagonal
PID-diagonal vs DMC-DV hold,Sigma_MP_pH,30,0.004343528980755616,0.0006784783498753543,0.004037395585624532,0.0005772869470839716,-7.048033902557899,-0.00030613339513108306,-0.00046516945164566166,-0.00014212878770443224,-0.6633051911792686,DMC vs diagonal
PID-diagonal vs DMC-DV hold,PeakDev_MP_pH,30,0.013266452599965166,0.002873941809547059,0.012056895276858211,0.00254713752088373,-9.117413370248881,-0.0012095573231069542,-0.0018460263881618995,-0.000563347624855458,-0.668878859183677,DMC vs diagonal
PID-diagonal vs DMC-DV hold,OutRange_MP_pH,30,0.0,0.0,0.0,0.0,,0.0,0.0,0.0,,DMC vs diagonal
PID-diagonal vs DMC-DV hold,IAE_COND_kappa,30,3.022580088740978,0.7219048825682063,2.9690604827450953,0.8771331001626901,-1.7706596491931466,-0.05351960599588188,-0.318726866751052,0.2199510326536506,-0.07015353636269377,DMC vs diagonal
PID-diagonal vs DMC-DV hold,RMSE_COND_kappa,30,0.010235500206791802,0.0023214926266237955,0.010199820318335915,0.002982198876233433,-0.3485895924481711,-3.5679888455885374e-05,-0.000986326451261977,0.0008827700875894818,-0.013381399186023102,DMC vs diagonal
PID-diagonal vs DMC-DV hold,Sigma_COND_kappa,30,0.008405257664313437,0.0015495720125149844,0.008649823712750712,0.0020048362622875305,2.909679372182003,0.00024456604843727556,-0.00029672361000710417,0.0007834515611275345,0.15770966962375355,DMC vs diagonal
PID-diagonal vs DMC-DV hold,PeakDev_COND_kappa,30,0.02542170125639366,0.005081915638719275,0.02618376413650417,0.006978224110777319,2.9976863956689277,0.0007620628801104992,-0.0015471347513081346,0.0030349978755564357,0.115518141561371,DMC vs diagonal
PID-diagonal vs DMC-DV hold,OutRange_COND_kappa,30,0.0,0.0,0.0,0.0,,0.0,0.0,0.0,,DMC vs diagonal
PID-diagonal vs DMC-DV hold,ZoneActive_COND_kappa,30,0.0,0.0,0.0,0.0,,0.0,0.0,0.0,,DMC vs diagonal
PID-diagonal vs DMC-DV hold,RecoveryTime_mean_min,30,0.0,0.0,0.0,0.0,,0.0,0.0,0.0,,DMC vs diagonal
PID-diagonal vs DMC-DV hold,TV_FW_NH3_PID_SP,30,4.229321688149915,0.18245448766607958,4.854004443513699,0.1945538604368805,14.770282362632168,0.6246827553637825,0.5518767572485994,0.6958119695496451,3.0719513229113944,DMC vs diagonal
PID-diagonal vs DMC-DV hold,Saturation_FW_NH3_PID_SP,30,0.0,0.0,0.0007407407407407408,0.0035687415138422355,,0.0007407407407407408,0.0,0.0021296296296296293,0.2075635732841947,DMC vs diagonal
PID-diagonal vs DMC-DV hold,TV_COND_NH3_PID_SP,30,5.483556351530711,0.19947827456236153,0.7516099254219928,0.09362500908163575,-86.29338558338725,-4.731946426108719,-4.802849692356063,-4.662201293569304,-23.747202453109814,DMC vs diagonal
PID-diagonal vs DMC-DV hold,Saturation_COND_NH3_PID_SP,30,0.0,0.0,0.0,0.0,,0.0,0.0,0.0,,DMC vs diagonal
PID-diagonal vs DMC-DV hold,QP_infeasible_count,30,0.0,0.0,0.0,0.0,,0.0,0.0,0.0,,DMC vs diagonal
PID-diagonal vs DMC-DV hold,DMC_withdrawal_count,30,0.0,0.0,0.0,0.0,,0.0,0.0,0.0,,DMC vs diagonal
PID-diagonal vs DMC-DV hold,DMC_active_ratio,30,1.0,0.0,1.0,0.0,0.0,0.0,0.0,0.0,,DMC vs diagonal
PID-diagonal vs DMC-DV hold,MV_amplitude_constraint_active_ratio,30,0.0,0.0,0.0018518518518518517,0.006074136373228156,,0.0018518518518518517,0.0001851851851851852,0.004259259259259259,0.3048749218101055,DMC vs diagonal
PID-diagonal vs DMC-DV hold,MV_rate_constraint_active_ratio,30,0.1909259259259259,0.019950093829144876,0.10259259259259261,0.020901018189878554,-46.26576139670221,-0.08833333333333335,-0.09722222222222222,-0.07962962962962965,-3.5008452912489267,DMC vs diagonal
PID-diagonal vs DMC-DV hold,CV_constraint_active_ratio,30,0.0,0.0,0.0,0.0,,0.0,0.0,0.0,,DMC vs diagonal
PID-cross vs DMC-DV hold,IAE_HP_pH,30,1.4387007629452746,0.306189035050621,1.1750887029035948,0.1639145407835823,-18.3229248799465,-0.2636120600416796,-0.3626211640657732,-0.1733611760970689,-0.9857057706334834,DMC vs cross
PID-cross vs DMC-DV hold,RMSE_HP_pH,30,0.005062781673939193,0.0010897109426939615,0.00410487436533514,0.0005770663403050546,-18.92057312158861,-0.0009579073086040514,-0.0013038159583166101,-0.00065127641806608,-1.0284126507456952,DMC vs cross
PID-cross vs DMC-DV hold,Sigma_HP_pH,30,0.004578583268329233,0.0009596621606165051,0.004023489527958695,0.0005966788690956046,-12.123700888224683,-0.0005550937403705369,-0.0008511004293133592,-0.000297219156369324,-0.7066038584587864,DMC vs cross
PID-cross vs DMC-DV hold,PeakDev_HP_pH,30,0.013851356786823624,0.003399852605698997,0.011674226731547737,0.002166043616649393,-15.71781081653261,-0.0021771300552758887,-0.003159900777798068,-0.0012366528285777006,-0.8003863193760693,DMC vs cross
PID-cross vs DMC-DV hold,OutRange_HP_pH,30,0.0,0.0,0.0,0.0,,0.0,0.0,0.0,,DMC vs cross
PID-cross vs DMC-DV hold,IAE_MP_pH,30,1.3174953647725107,0.2530450151448114,1.1834625258227112,0.14702239514608323,-10.173306300242107,-0.1340328389497999,-0.21693909314136467,-0.05710663909123059,-0.59085774692877,DMC vs cross
PID-cross vs DMC-DV hold,RMSE_MP_pH,30,0.004599213637345445,0.0008819855640083603,0.004171774311053475,0.0005767426818367916,-9.293748018599928,-0.00042743932629196914,-0.00068111328034392,-0.00018142611289562473,-0.6069300740776515,DMC vs cross
PID-cross vs DMC-DV hold,Sigma_MP_pH,30,0.0043104453178957345,0.000701517953553192,0.004037395585624532,0.0005772869470839716,-6.334606105257333,-0.0002730497322712033,-0.00046536650290438783,-7.167673238495666e-05,-0.4807245891312666,DMC vs cross
PID-cross vs DMC-DV hold,PeakDev_MP_pH,30,0.012741186837100809,0.002797190235487641,0.012056895276858211,0.00254713752088373,-5.370705013523718,-0.0006842915602425966,-0.0014658712275690666,6.915533235428604e-05,-0.3152980304590533,DMC vs cross
PID-cross vs DMC-DV hold,OutRange_MP_pH,30,0.0,0.0,0.0,0.0,,0.0,0.0,0.0,,DMC vs cross
PID-cross vs DMC-DV hold,IAE_COND_kappa,30,2.7402640124006683,0.9052998596404079,2.9690604827450953,0.8771331001626901,8.349431635384095,0.22879647034442757,0.03586353181410686,0.41458159010636153,0.4198705275260181,DMC vs cross
PID-cross vs DMC-DV hold,RMSE_COND_kappa,30,0.009486692741535008,0.0029302901234550547,0.010199820318335915,0.002982198876233433,7.517135805175427,0.0007131275768009086,4.391746255741919e-07,0.0013822257627680314,0.3647183866869048,DMC vs cross
PID-cross vs DMC-DV hold,Sigma_COND_kappa,30,0.008258705352275155,0.0017793401003474885,0.008649823712750712,0.0020048362622875305,4.735831389938245,0.0003911183604755576,1.9672375737864983e-05,0.0007474266402069771,0.3831160185208339,DMC vs cross
PID-cross vs DMC-DV hold,PeakDev_COND_kappa,30,0.024964566254390398,0.006764234456195066,0.02618376413650417,0.006978224110777319,4.8837134588683595,0.001219197882113772,-0.00041852150292865146,0.002788449294523013,0.2638227005491038,DMC vs cross
PID-cross vs DMC-DV hold,OutRange_COND_kappa,30,0.0,0.0,0.0,0.0,,0.0,0.0,0.0,,DMC vs cross
PID-cross vs DMC-DV hold,ZoneActive_COND_kappa,30,0.0,0.0,0.0,0.0,,0.0,0.0,0.0,,DMC vs cross
PID-cross vs DMC-DV hold,RecoveryTime_mean_min,30,0.0,0.0,0.0,0.0,,0.0,0.0,0.0,,DMC vs cross
PID-cross vs DMC-DV hold,TV_FW_NH3_PID_SP,30,2.6171710860590554,0.12213586343604847,4.854004443513699,0.1945538604368805,85.46760161647953,2.2368333574546426,2.1735492611186444,2.3008733734843485,12.510371060674148,DMC vs cross
PID-cross vs DMC-DV hold,Saturation_FW_NH3_PID_SP,30,0.0,0.0,0.0007407407407407408,0.0035687415138422355,,0.0007407407407407408,0.0,0.0021296296296296293,0.2075635732841947,DMC vs cross
PID-cross vs DMC-DV hold,TV_COND_NH3_PID_SP,30,4.252325506204091,0.18392266664042156,0.7516099254219928,0.09362500908163575,-82.32473209481724,-3.5007155807820967,-3.569251317096242,-3.4394226179956715,-19.033753327707373,DMC vs cross
PID-cross vs DMC-DV hold,Saturation_COND_NH3_PID_SP,30,0.0,0.0,0.0,0.0,,0.0,0.0,0.0,,DMC vs cross
PID-cross vs DMC-DV hold,QP_infeasible_count,30,0.0,0.0,0.0,0.0,,0.0,0.0,0.0,,DMC vs cross
PID-cross vs DMC-DV hold,DMC_withdrawal_count,30,0.0,0.0,0.0,0.0,,0.0,0.0,0.0,,DMC vs cross
PID-cross vs DMC-DV hold,DMC_active_ratio,30,1.0,0.0,1.0,0.0,0.0,0.0,0.0,0.0,,DMC vs cross
PID-cross vs DMC-DV hold,MV_amplitude_constraint_active_ratio,30,0.0,0.0,0.0018518518518518517,0.006074136373228156,,0.0018518518518518517,0.0001851851851851852,0.004259259259259259,0.3048749218101055,DMC vs cross
PID-cross vs DMC-DV hold,MV_rate_constraint_active_ratio,30,0.052962962962962976,0.012029420913074011,0.10259259259259261,0.020901018189878554,93.70629370629369,0.04962962962962962,0.04166666666666666,0.05768518518518518,2.1702496383486944,DMC vs cross
PID-cross vs DMC-DV hold,CV_constraint_active_ratio,30,0.0,0.0,0.0,0.0,,0.0,0.0,0.0,,DMC vs cross
