comparison,metric,n,A_mean,A_SD,B_mean,B_SD,paired_relative_change_pct,paired_delta,bootstrap95_low,bootstrap95_high,paired_dz,comparison_group,comparison_display,bootstrap_CI_95,d_z_display,DMC_vs_PID_cross_pct
PID-diagonal vs PID-cross,IAE_HP_pH,30,1.2999568638202732,0.3040683602576267,1.4387007629452746,0.306189035050621,10.672961771767188,0.1387438991250014,0.0895289296680616,0.19759731914386,0.907917854024804,PID pairing,PID-cross − PID-diagonal,"[0.089529, 0.197597]",0.9079,
PID-diagonal vs PID-cross,RMSE_HP_pH,30,0.0046163121184436,0.0011079921937075,0.0050627816739391,0.0010897109426939,9.671563448054515,0.0004464695554955,0.0002842253309709,0.0006281281843727,0.9018360708225898,PID pairing,PID-cross − PID-diagonal,"[0.000284, 0.000628]",0.9018,
PID-diagonal vs PID-cross,Sigma_HP_pH,30,0.0043461097379291,0.0009270148025817,0.0045785832683292,0.0009596621606165,5.349002773014568,0.0002324735304,0.0001542992312858,0.0003145995873319,0.9883694146050406,PID pairing,PID-cross − PID-diagonal,"[0.000154, 0.000315]",0.9884,
PID-diagonal vs PID-cross,PeakDev_HP_pH,30,0.0131379794528339,0.0036543055330681,0.0138513567868236,0.0033998526056989,5.4298862054913855,0.0007133773339897,0.000273361939535,0.0011639811490391,0.5561370571912493,PID pairing,PID-cross − PID-diagonal,"[0.000273, 0.001164]",0.5561,
PID-diagonal vs PID-cross,IAE_MP_pH,30,1.3698456924491422,0.2557813508652721,1.3174953647725107,0.2530450151448114,-3.821622242942893,-0.0523503276766314,-0.0907443965738089,-0.0155856656754878,-0.4935407566740269,PID pairing,PID-cross − PID-diagonal,"[-0.090744, -0.015586]",-0.4935,
PID-diagonal vs PID-cross,RMSE_MP_pH,30,0.0047742938691147,0.000880287965447,0.0045992136373454,0.0008819855640083,-3.667144012685785,-0.0001750802317692,-0.0003119488243578,-4.647813593395848e-05,-0.4642124409909646,PID pairing,PID-cross − PID-diagonal,"[-0.000312, -0.000046]",-0.4642,
PID-diagonal vs PID-cross,Sigma_MP_pH,30,0.0043435289807556,0.0006784783498753,0.0043104453178957,0.0007015179535531,-0.7616770374149994,-3.308366285987971e-05,-0.0001224935946427,5.37316258126281e-05,-0.1322576391436948,PID pairing,PID-cross − PID-diagonal,"[-0.000122, 0.000054]",-0.1323,
PID-diagonal vs PID-cross,PeakDev_MP_pH,30,0.0132664525999651,0.002873941809547,0.0127411868371008,0.0027971902354876,-3.959353556697865,-0.0005252657628643,-0.0009255190262132,-0.0001491180708725,-0.4647854263409766,PID pairing,PID-cross − PID-diagonal,"[-0.000926, -0.000149]",-0.4648,
PID-diagonal vs PID-cross,TV_FW_NH3_PID_SP,30,4.229321688149915,0.1824544876660795,2.617171086059056,0.1221358634360484,-38.118419949182986,-1.6121506020908598,-1.6778547428954065,-1.5452466114069874,-8.672785156511413,PID pairing,PID-cross − PID-diagonal,"[-1.677855, -1.545247]",-8.6728,
PID-diagonal vs PID-cross,Saturation_FW_NH3_PID_SP,30,0.0,0.0,0.0,0.0,,0.0,0.0,0.0,,PID pairing,PID-cross − PID-diagonal,"[0.000000, 0.000000]",N/A,
PID-diagonal vs PID-cross,TV_COND_NH3_PID_SP,30,5.483556351530711,0.1994782745623615,4.252325506204091,0.1839226666404215,-22.453144754916718,-1.2312308453266212,-1.3157493777139768,-1.1467283996472069,-5.171660398436225,PID pairing,PID-cross − PID-diagonal,"[-1.315749, -1.146728]",-5.1717,
PID-diagonal vs PID-cross,Saturation_COND_NH3_PID_SP,30,0.0,0.0,0.0,0.0,,0.0,0.0,0.0,,PID pairing,PID-cross − PID-diagonal,"[0.000000, 0.000000]",N/A,
PID-cross vs DMC-DV hold,IAE_HP_pH,30,1.4387007629452746,0.306189035050621,1.1750887029035948,0.1639145407835823,-18.3229248799465,-0.2636120600416796,-0.3626211640657732,-0.1733611760970689,-0.9857057706334834,DMC vs cross,DMC-DV hold − PID-cross,"[-0.362621, -0.173361]",-0.9857,-18.3229248799465
PID-cross vs DMC-DV hold,RMSE_HP_pH,30,0.0050627816739391,0.0010897109426939,0.0041048743653351,0.000577066340305,-18.92057312158861,-0.000957907308604,-0.0013038159583166,-0.000651276418066,-1.0284126507456952,DMC vs cross,DMC-DV hold − PID-cross,"[-0.001304, -0.000651]",-1.0284,-18.92057312158861
PID-cross vs DMC-DV hold,Sigma_HP_pH,30,0.0045785832683292,0.0009596621606165,0.0040234895279586,0.0005966788690956,-12.123700888224684,-0.0005550937403705,-0.0008511004293133,-0.0002972191563693,-0.7066038584587864,DMC vs cross,DMC-DV hold − PID-cross,"[-0.000851, -0.000297]",-0.7066,-12.123700888224684
PID-cross vs DMC-DV hold,PeakDev_HP_pH,30,0.0138513567868236,0.0033998526056989,0.0116742267315477,0.0021660436166493,-15.71781081653261,-0.0021771300552758,-0.003159900777798,-0.0012366528285777,-0.8003863193760693,DMC vs cross,DMC-DV hold − PID-cross,"[-0.003160, -0.001237]",-0.8004,-15.71781081653261
PID-cross vs DMC-DV hold,IAE_MP_pH,30,1.3174953647725107,0.2530450151448114,1.1834625258227112,0.1470223951460832,-10.173306300242109,-0.1340328389497999,-0.2169390931413646,-0.0571066390912305,-0.59085774692877,DMC vs cross,DMC-DV hold − PID-cross,"[-0.216939, -0.057107]",-0.5909,-10.173306300242109
PID-cross vs DMC-DV hold,RMSE_MP_pH,30,0.0045992136373454,0.0008819855640083,0.0041717743110534,0.0005767426818367,-9.293748018599928,-0.0004274393262919,-0.0006811132803439,-0.0001814261128956,-0.6069300740776515,DMC vs cross,DMC-DV hold − PID-cross,"[-0.000681, -0.000181]",-0.6069,-9.293748018599928
PID-cross vs DMC-DV hold,Sigma_MP_pH,30,0.0043104453178957,0.0007015179535531,0.0040373955856245,0.0005772869470839,-6.334606105257333,-0.0002730497322712,-0.0004653665029043,-7.167673238495666e-05,-0.4807245891312666,DMC vs cross,DMC-DV hold − PID-cross,"[-0.000465, -0.000072]",-0.4807,-6.334606105257333
PID-cross vs DMC-DV hold,PeakDev_MP_pH,30,0.0127411868371008,0.0027971902354876,0.0120568952768582,0.0025471375208837,-5.370705013523718,-0.0006842915602425,-0.001465871227569,6.915533235428604e-05,-0.3152980304590533,DMC vs cross,DMC-DV hold − PID-cross,"[-0.001466, 0.000069]",-0.3153,-5.370705013523718
PID-cross vs DMC-DV hold,TV_FW_NH3_PID_SP,30,2.617171086059056,0.1221358634360484,4.854004443513699,0.1945538604368805,85.46760161647953,2.236833357454642,2.1735492611186444,2.3008733734843485,12.510371060674148,DMC vs cross,DMC-DV hold − PID-cross,"[2.173549, 2.300873]",12.5104,85.46760161647953
PID-cross vs DMC-DV hold,Saturation_FW_NH3_PID_SP,30,0.0,0.0,0.0007407407407407,0.0035687415138422,,0.0007407407407407,0.0,0.0021296296296296,0.2075635732841947,DMC vs cross,DMC-DV hold − PID-cross,"[0.000000, 0.002130]",0.2076,
PID-cross vs DMC-DV hold,TV_COND_NH3_PID_SP,30,4.252325506204091,0.1839226666404215,0.7516099254219928,0.0936250090816357,-82.32473209481724,-3.5007155807820967,-3.569251317096242,-3.4394226179956715,-19.033753327707373,DMC vs cross,DMC-DV hold − PID-cross,"[-3.569251, -3.439423]",-19.0338,-82.32473209481724
PID-cross vs DMC-DV hold,Saturation_COND_NH3_PID_SP,30,0.0,0.0,0.0,0.0,,0.0,0.0,0.0,,DMC vs cross,DMC-DV hold − PID-cross,"[0.000000, 0.000000]",N/A,
