metric,metric_key,n_scenarios,PID-diagonal_mean,PID-diagonal_SD,PID-diagonal_mean_SD,PID-cross_mean,PID-cross_SD,PID-cross_mean_SD,DMC-DV hold_mean,DMC-DV hold_SD,DMC-DV hold_mean_SD
HP pH IAE,IAE_HP_pH,30,1.2999568638202732,0.30406836025762674,1.299957 ± 0.304068,1.438700762945275,0.30618903505062095,1.438701 ± 0.306189,1.1750887029035948,0.16391454078358236,1.175089 ± 0.163915
IP pH IAE,IAE_MP_pH,30,1.3698456924491422,0.2557813508652721,1.369846 ± 0.255781,1.3174953647725107,0.2530450151448114,1.317495 ± 0.253045,1.1834625258227112,0.1470223951460832,1.183463 ± 0.147022
HP pH RMSE,RMSE_HP_pH,30,0.00461631211844363,0.0011079921937075096,0.004616 ± 0.001108,0.00506278167393914,0.0010897109426939759,0.005063 ± 0.001090,0.00410487436533509,0.0005770663403050609,0.004105 ± 0.000577
IP pH RMSE,RMSE_MP_pH,30,0.004774293869114659,0.0008802879654470811,0.004774 ± 0.000880,0.004599213637345399,0.0008819855640083556,0.004599 ± 0.000882,0.00417177431105342,0.000576742681836787,0.004172 ± 0.000577
HP pH standard deviation,Sigma_HP_pH,30,0.0043461097379291,0.0009270148025817818,0.004346 ± 0.000927,0.004578583268329182,0.0009596621606165096,0.004579 ± 0.000960,0.004023489527958644,0.0005966788690956038,0.004023 ± 0.000597
IP pH standard deviation,Sigma_MP_pH,30,0.00434352898075557,0.000678478349875357,0.004344 ± 0.000678,0.004310445317895682,0.0007015179535531852,0.004310 ± 0.000702,0.004037395585624477,0.0005772869470839656,0.004037 ± 0.000577
HP pH peak deviation,PeakDev_HP_pH,30,0.01313797945283386,0.003654305533068176,0.013138 ± 0.003654,0.01385135678682358,0.0033998526056990045,0.013851 ± 0.003400,0.01167422673154769,0.0021660436166494007,0.011674 ± 0.002166
IP pH peak deviation,PeakDev_MP_pH,30,0.013266452599965112,0.0028739418095470553,0.013266 ± 0.002874,0.012741186837100764,0.0027971902354876396,0.012741 ± 0.002797,0.012056895276858163,0.002547137520883729,0.012057 ± 0.002547
MV1 TV,TV_FW_NH3_PID_SP,30,4.229321688149915,0.18245448766607958,4.229322 ± 0.182454,2.6171710860590554,0.12213586343604849,2.617171 ± 0.122136,4.854004443513699,0.1945538604368805,4.854004 ± 0.194554
MV2 TV,TV_COND_NH3_PID_SP,30,5.483556351530711,0.19947827456236156,5.483556 ± 0.199478,4.252325506204091,0.18392266664042156,4.252326 ± 0.183923,0.7516099254219928,0.09362500908163573,0.751610 ± 0.093625
MV1 saturation ratio,Saturation_FW_NH3_PID_SP,30,0.0,0.0,0.000000 ± 0.000000,0.0,0.0,0.000000 ± 0.000000,0.0007407407407407366,0.003568741513842226,0.000741 ± 0.003569
MV2 saturation ratio,Saturation_COND_NH3_PID_SP,30,0.0,0.0,0.000000 ± 0.000000,0.0,0.0,0.000000 ± 0.000000,0.0,0.0,0.000000 ± 0.000000
