comparison,metric,n,A_mean,A_SD,B_mean,B_SD,paired_relative_change_pct,paired_delta,bootstrap95_low,bootstrap95_high,paired_dz
PID vs DMC-DV hold,IAE_HP_pH,30,1.2999568638202732,0.3040683602576267,1.1750887029035948,0.1639145407835823,-9.60556187608562,-0.12486816091667811,-0.22927642176040963,-0.02884736497241478,-0.44138200813332196
PID vs DMC-DV hold,RMSE_HP_pH,30,0.004616312118443683,0.0011079921937075124,0.00410487436533514,0.0005770663403050546,-11.078924907724085,-0.0005114377531085416,-0.0008825994676547695,-0.00017983846135314808,-0.5017277264902121
PID vs DMC-DV hold,Sigma_HP_pH,30,0.0043461097379291465,0.0009270148025817889,0.004023489527958695,0.0005966788690956046,-7.423195211913244,-0.0003226202099704514,-0.000609880133712068,-6.118888448722623e-05,-0.4082051315655952
PID vs DMC-DV hold,PeakDev_HP_pH,30,0.013137979452833903,0.0036543055330681843,0.011674226731547737,0.002166043616649393,-11.14138385237336,-0.0014637527212861675,-0.00267926742803386,-0.0004150058108810988,-0.4645531239064473
PID vs DMC-DV hold,OutRange_HP_pH,30,0.0,0.0,0.0,0.0,,0.0,0.0,0.0,
PID vs DMC-DV hold,IAE_MP_pH,30,1.3698456924491422,0.2557813508652721,1.1834625258227112,0.14702239514608323,-13.606143206772236,-0.18638316662643137,-0.2651731509834559,-0.11757021133786483,-0.8898149613420905
PID vs DMC-DV hold,RMSE_MP_pH,30,0.00477429386911471,0.0008802879654470873,0.004171774311053475,0.0005767426818367916,-12.620076907267523,-0.0006025195580612351,-0.000819491110262665,-0.0003848117450625304,-0.9678240887053958
PID vs DMC-DV hold,Sigma_MP_pH,30,0.004343528980755616,0.0006784783498753543,0.004037395585624532,0.0005772869470839716,-7.048033902557899,-0.00030613339513108306,-0.00046613604103015277,-0.000141831770164128,-0.6633051911792686
PID vs DMC-DV hold,PeakDev_MP_pH,30,0.013266452599965166,0.002873941809547059,0.012056895276858211,0.00254713752088373,-9.117413370248881,-0.0012095573231069542,-0.0018280283946094638,-0.0005698844623078217,-0.668878859183677
PID vs DMC-DV hold,OutRange_MP_pH,30,0.0,0.0,0.0,0.0,,0.0,0.0,0.0,
PID vs DMC-DV hold,IAE_COND_kappa,30,3.022580088740978,0.7219048825682063,2.9690604827450953,0.8771331001626901,-1.7706596491931466,-0.05351960599588188,-0.3298641023455034,0.21565395532868684,-0.07015353636269377
PID vs DMC-DV hold,RMSE_COND_kappa,30,0.010235500206791802,0.0023214926266237955,0.010199820318335915,0.002982198876233433,-0.3485895924481711,-3.5679888455885374e-05,-0.0009992496060635583,0.0008803038690826942,-0.013381399186023102
PID vs DMC-DV hold,Sigma_COND_kappa,30,0.008405257664313437,0.0015495720125149844,0.008649823712750712,0.0020048362622875305,2.909679372182003,0.00024456604843727556,-0.0002913460878059478,0.0007927231823120076,0.15770966962375355
PID vs DMC-DV hold,PeakDev_COND_kappa,30,0.02542170125639366,0.005081915638719275,0.02618376413650417,0.006978224110777319,2.9976863956689277,0.0007620628801104992,-0.0015333751495583726,0.0030617969698077544,0.115518141561371
PID vs DMC-DV hold,OutRange_COND_kappa,30,0.0,0.0,0.0,0.0,,0.0,0.0,0.0,
PID vs DMC-DV hold,ZoneActive_COND_kappa,30,0.0,0.0,0.0,0.0,,0.0,0.0,0.0,
PID vs DMC-DV hold,RecoveryTime_mean_min,30,0.0,0.0,0.0,0.0,,0.0,0.0,0.0,
PID vs DMC-DV hold,TV_FW_NH3_PID_SP,30,4.229321688149915,0.18245448766607958,4.854004443513699,0.1945538604368805,14.770282362632168,0.6246827553637825,0.5527633223684932,0.6962258377748803,3.0719513229113944
PID vs DMC-DV hold,Saturation_FW_NH3_PID_SP,30,0.0,0.0,0.0007407407407407408,0.0035687415138422355,,0.0007407407407407408,0.0,0.0021296296296296293,0.2075635732841947
PID vs DMC-DV hold,TV_COND_NH3_PID_SP,30,5.483556351530711,0.19947827456236153,0.7516099254219928,0.09362500908163575,-86.29338558338725,-4.731946426108719,-4.801624318709305,-4.661102807750303,-23.747202453109814
PID vs DMC-DV hold,Saturation_COND_NH3_PID_SP,30,0.0,0.0,0.0,0.0,,0.0,0.0,0.0,
PID vs DMC-DV hold,QP_infeasible_count,30,0.0,0.0,0.0,0.0,,0.0,0.0,0.0,
PID vs DMC-DV hold,DMC_withdrawal_count,30,0.0,0.0,0.0,0.0,,0.0,0.0,0.0,
PID vs DMC-DV hold,DMC_active_ratio,30,1.0,0.0,1.0,0.0,0.0,0.0,0.0,0.0,
PID vs DMC-DV hold,MV_amplitude_constraint_active_ratio,30,0.0,0.0,0.0018518518518518517,0.006074136373228156,,0.0018518518518518517,0.0001851851851851852,0.004259259259259259,0.3048749218101055
PID vs DMC-DV hold,MV_rate_constraint_active_ratio,30,0.1909259259259259,0.019950093829144876,0.10259259259259261,0.020901018189878554,-46.26576139670221,-0.08833333333333335,-0.09750000000000002,-0.07972222222222224,-3.5008452912489267
PID vs DMC-DV hold,CV_constraint_active_ratio,30,0.0,0.0,0.0,0.0,,0.0,0.0,0.0,
