severity,scenario_id,CV,IAE,RMSE,PeakDev,TV_total,DMC_active_ratio,QP_infeasible_count
low,201,HP_pH,0.5664511337482878,0.001984192181300645,0.0070330712101380755,2.762225325145562,1.0,0
low,201,MP_pH,0.5412887645447402,0.0020035752755175598,0.007566315186160466,2.762225325145562,1.0,0
low,201,COND_kappa,2.5923979209477124,0.009565405341553139,0.023740300804634656,2.762225325145562,1.0,0
low,202,HP_pH,0.6435657568067548,0.0021640306280003305,0.006661073306926113,2.997377248344376,1.0,0
low,202,MP_pH,0.7140706949608084,0.002513462513485728,0.006582855112117869,2.997377248344376,1.0,0
low,202,COND_kappa,4.01610273597681,0.015372789871711779,0.030937128911859083,2.997377248344376,1.0,0
low,203,HP_pH,0.6348814691175342,0.002237560241414532,0.005415125510173979,3.018184455026989,1.0,0
low,203,MP_pH,0.67754010014486,0.0023133521417457088,0.006000788360013942,3.018184455026989,1.0,0
low,203,COND_kappa,1.2350092712806846,0.004476375941402065,0.014914216277961717,3.018184455026989,1.0,0
low,204,HP_pH,0.546574365570546,0.0019574044923409595,0.00516880020555277,3.2166869614264835,1.0,0
low,204,MP_pH,0.7374651164524568,0.0026071825094257073,0.0072822359738502485,3.2166869614264835,1.0,0
low,204,COND_kappa,1.7931486379525685,0.006841987124432831,0.020452144215817758,3.2166869614264835,1.0,0
low,205,HP_pH,0.5226674262874713,0.001876367390260399,0.005721021601269527,2.961312939766581,1.0,0
low,205,MP_pH,0.6629514210701792,0.0023816106785230907,0.0077523818127360755,2.961312939766581,1.0,0
low,205,COND_kappa,2.29358950304189,0.00863190345852297,0.020067265375089377,2.961312939766581,1.0,0
low,206,HP_pH,0.659771838025561,0.002265905459364883,0.006798877338701104,3.0920723782402697,1.0,0
low,206,MP_pH,0.5949777401500818,0.002057639871331746,0.0055354440179282705,3.0920723782402697,1.0,0
low,206,COND_kappa,2.5170216881844856,0.00845443228429147,0.01609308571922488,3.0920723782402697,1.0,0
low,207,HP_pH,0.7324912899533924,0.0024934768468343515,0.006491187298813372,2.9508466041933543,1.0,0
low,207,MP_pH,0.7738039773539303,0.002634732405524397,0.006251760726108557,2.9508466041933543,1.0,0
low,207,COND_kappa,1.8102197926769974,0.0063301162775751575,0.018799740658895447,2.9508466041933543,1.0,0
low,208,HP_pH,0.587256878284812,0.0019487746685301719,0.0048388540882875475,3.1063508114955427,1.0,0
low,208,MP_pH,0.5206497931296834,0.0017529139957810822,0.004885554010700233,3.1063508114955427,1.0,0
low,208,COND_kappa,2.9216388643939935,0.010076490682791494,0.019575279969792192,3.1063508114955427,1.0,0
low,209,HP_pH,0.5334094207661746,0.0018368796811152252,0.005046588426793619,2.889679362326159,1.0,0
low,209,MP_pH,0.5081126282042678,0.001819759784025339,0.0056591596010910905,2.889679362326159,1.0,0
low,209,COND_kappa,2.215670487596663,0.008472776225486138,0.02238145907315489,2.889679362326159,1.0,0
low,210,HP_pH,0.60056016536603,0.0021627998618849913,0.006422781980258918,2.99697383487564,1.0,0
low,210,MP_pH,0.5134238659485177,0.001829493424162089,0.005294441687549778,2.99697383487564,1.0,0
low,210,COND_kappa,1.8404556477285903,0.006504580811263636,0.015170728159488084,2.99697383487564,1.0,0
low,211,HP_pH,0.6901899556719666,0.002497936181158029,0.0075387940417463994,2.872118526528341,1.0,0
low,211,MP_pH,0.5596787134598404,0.0019414008212380385,0.005805345711957344,2.872118526528341,1.0,0
low,211,COND_kappa,1.0237915995838338,0.003520178129739989,0.008470609714213234,2.872118526528341,1.0,0
low,212,HP_pH,0.621389519348158,0.0021920706812055776,0.006419137578529188,3.0167442054650917,1.0,0
low,212,MP_pH,0.5976698479042497,0.0019886622338495356,0.004797303685114329,3.0167442054650917,1.0,0
low,212,COND_kappa,3.8966992824472064,0.014072724153696045,0.028188996324709073,3.0167442054650917,1.0,0
low,213,HP_pH,0.5497826941472699,0.0019125754482651278,0.006459925020861235,3.070598511686257,1.0,0
low,213,MP_pH,0.505137065269734,0.0018585981579639708,0.006547519256454137,3.070598511686257,1.0,0
low,213,COND_kappa,2.1163244840354185,0.00759102736803925,0.019437919479831284,3.070598511686257,1.0,0
low,214,HP_pH,0.4932899472539134,0.0016867409024336494,0.00479173908225583,2.790069115966318,1.0,0
low,214,MP_pH,0.46465955957315686,0.001554075753700727,0.00455277388393327,2.790069115966318,1.0,0
low,214,COND_kappa,1.3462139596782665,0.004589557345632707,0.011462396053982998,2.790069115966318,1.0,0
low,215,HP_pH,0.4648546258950432,0.0016276279549172182,0.0048744858088873855,2.9246132853632574,1.0,0
low,215,MP_pH,0.5280086656152552,0.0018704212585544974,0.005670251541657123,2.9246132853632574,1.0,0
low,215,COND_kappa,0.9148009363319887,0.0031468644037560885,0.009411616390249455,2.9246132853632574,1.0,0
low,216,HP_pH,0.6128168638930305,0.0021656289882783053,0.006148800854941072,3.0069596426308225,1.0,0
low,216,MP_pH,0.588547821854748,0.002006387241113138,0.005359861238444452,3.0069596426308225,1.0,0
low,216,COND_kappa,1.4689695805451106,0.0053335787482524655,0.015342339466589805,3.0069596426308225,1.0,0
low,217,HP_pH,0.652666587876336,0.002186839210374232,0.0060405699023640125,2.9220365706388756,1.0,0
low,217,MP_pH,0.5226902613705846,0.0017810746790192333,0.005183100217386993,2.9220365706388756,1.0,0
low,217,COND_kappa,0.9629537655873777,0.003387525319185538,0.009663747537740464,2.9220365706388756,1.0,0
low,218,HP_pH,0.6275755635815354,0.0022878914363790295,0.006872835357292217,3.0986472460937575,1.0,0
low,218,MP_pH,0.5778488128298154,0.0020061761519562225,0.006307943030057217,3.0986472460937575,1.0,0
low,218,COND_kappa,1.1567807316744538,0.003977072984973369,0.010951986402050473,3.0986472460937575,1.0,0
low,219,HP_pH,0.6100397153964607,0.0022046810254629018,0.007320883687709667,2.89035636471221,1.0,0
low,219,MP_pH,0.3692475996096718,0.00125345747197966,0.0033151800960489197,2.89035636471221,1.0,0
low,219,COND_kappa,3.538386395852468,0.011984708438804384,0.023612898149077105,2.89035636471221,1.0,0
low,220,HP_pH,0.5781241503562509,0.002018865244316475,0.005601465989888865,2.976030274792769,1.0,0
low,220,MP_pH,0.640023577961653,0.0021623768809226757,0.005163217142644783,2.976030274792769,1.0,0
low,220,COND_kappa,1.8766902317178609,0.006535049269269755,0.018143324191189664,2.976030274792769,1.0,0
reference,201,HP_pH,1.1400356181807147,0.003956298246072825,0.0133950588014482,5.305943843217186,1.0,0
reference,201,MP_pH,1.1246347908449579,0.0041274108521188535,0.015193707421365943,5.305943843217186,1.0,0
reference,201,COND_kappa,3.1637415570450305,0.010477508371037496,0.02948669559185843,5.305943843217186,1.0,0
reference,202,HP_pH,1.2382846546931638,0.004197967447242564,0.013254339005253968,5.6959194596876195,1.0,0
reference,202,MP_pH,1.3890955387861794,0.004910522065541557,0.0134818221108155,5.6959194596876195,1.0,0
reference,202,COND_kappa,4.855597233929624,0.01802911456664915,0.039487269498977504,5.6959194596876195,1.0,0
reference,203,HP_pH,1.2627985628953464,0.004440546696529755,0.010849470376198767,5.786698731099033,1.0,0
reference,203,MP_pH,1.3897789293006468,0.004753195794290424,0.01179446717082655,5.786698731099033,1.0,0
reference,203,COND_kappa,2.078652102510536,0.007110789965420849,0.021821943704463137,5.786698731099033,1.0,0
reference,204,HP_pH,1.0614966918853597,0.0037909494455986704,0.009638519015192415,5.982208037206004,1.0,0
reference,204,MP_pH,1.4282847072207456,0.005057158191970727,0.014360639344989323,5.982208037206004,1.0,0
reference,204,COND_kappa,3.293130147079539,0.011808672990565778,0.03598310993693232,5.982208037206004,1.0,0
reference,205,HP_pH,1.0731280649355188,0.0038700695758274424,0.011669515266200747,5.578768499337713,1.0,0
reference,205,MP_pH,1.3376777812970495,0.004811133180271094,0.01490314065686249,5.578768499337713,1.0,0
reference,205,COND_kappa,3.0532678951613814,0.010877062833849031,0.02787349371841802,5.578768499337713,1.0,0
reference,206,HP_pH,1.276099474191204,0.004458598103403652,0.013840227447939668,5.681561706083361,1.0,0
reference,206,MP_pH,1.1595600098861798,0.003950310151661894,0.009715074753366082,5.681561706083361,1.0,0
reference,206,COND_kappa,3.423476432802703,0.011559888353257585,0.024385952508237774,5.681561706083361,1.0,0
reference,207,HP_pH,1.4286063834582823,0.004842966579249597,0.012568441414959608,5.6317114061828315,1.0,0
reference,207,MP_pH,1.556569282829047,0.005320225083119806,0.01286039360950042,5.6317114061828315,1.0,0
reference,207,COND_kappa,3.20405677900402,0.011302710247265904,0.03417260921930898,5.6317114061828315,1.0,0
reference,208,HP_pH,1.1217748972951807,0.0037006621020986437,0.009266209110110779,5.661827069478673,1.0,0
reference,208,MP_pH,1.0005472997457385,0.0033830762042387818,0.008963705867415683,5.661827069478673,1.0,0
reference,208,COND_kappa,3.4396045346324646,0.01122941931124963,0.023558517043294702,5.661827069478673,1.0,0
reference,209,HP_pH,1.0533433078189152,0.0036433064076694596,0.009988346969141304,5.414378828632055,1.0,0
reference,209,MP_pH,1.0009195289158281,0.0035737365151654876,0.011028379719974168,5.414378828632055,1.0,0
reference,209,COND_kappa,2.994031136603625,0.011400209814765258,0.03250673042378956,5.414378828632055,1.0,0
reference,210,HP_pH,1.201669277882237,0.004312136079231611,0.01274158270455672,5.670212561735433,1.0,0
reference,210,MP_pH,1.0097293917110441,0.0036267667948223082,0.01068179634233779,5.670212561735433,1.0,0
reference,210,COND_kappa,2.210367238911474,0.007767626939454905,0.0226147672537379,5.670212561735433,1.0,0
reference,211,HP_pH,1.4026404434768605,0.005067397008169487,0.014724346701525448,5.456043941978045,1.0,0
reference,211,MP_pH,1.0794208571439903,0.0037098329499633763,0.010944433714612956,5.456043941978045,1.0,0
reference,211,COND_kappa,2.140264173840921,0.0074199532898709605,0.018199093495625318,5.456043941978045,1.0,0
reference,212,HP_pH,1.2980093728769688,0.00465182304501092,0.01417985267940658,5.696324033285798,1.0,0
reference,212,MP_pH,1.249623768909732,0.004141988546306422,0.01098044807996068,5.696324033285798,1.0,0
reference,212,COND_kappa,4.825552902286562,0.017521807109239187,0.03874116974719277,5.696324033285798,1.0,0
reference,213,HP_pH,1.1582877202337603,0.004019947902021809,0.01218412367208721,5.785332112353102,1.0,0
reference,213,MP_pH,1.039292477246553,0.003890327756219328,0.012925332876390527,5.785332112353102,1.0,0
reference,213,COND_kappa,2.453812443437526,0.009480304641598538,0.029191477756518786,5.785332112353102,1.0,0
reference,214,HP_pH,0.9414831426428396,0.00321239968885446,0.009292305055398131,5.305738707088473,1.0,0
reference,214,MP_pH,0.9255066897253439,0.003106508972743245,0.008793249535330006,5.305738707088473,1.0,0
reference,214,COND_kappa,2.298305805294379,0.007811514586801146,0.020375129446874085,5.305738707088473,1.0,0
reference,215,HP_pH,0.9336959295332132,0.0033102316136795528,0.008847902202969493,5.528861701945977,1.0,0
reference,215,MP_pH,1.102145370795288,0.003934148123294638,0.012775521903339637,5.528861701945977,1.0,0
reference,215,COND_kappa,1.6546546888103888,0.005878480756197439,0.01976996596809749,5.528861701945977,1.0,0
reference,216,HP_pH,1.2193786949490004,0.004343356981651992,0.012674212146054131,5.562717623630576,1.0,0
reference,216,MP_pH,1.159569446234519,0.00395092379675611,0.01083143476374282,5.562717623630576,1.0,0
reference,216,COND_kappa,3.2075508997985205,0.011010588694109499,0.026610561219819556,5.562717623630576,1.0,0
reference,217,HP_pH,1.3043414402173,0.0043637892724109105,0.011790166928726364,5.524867222613876,1.0,0
reference,217,MP_pH,1.022507226945983,0.0034751512587178485,0.010184473942890904,5.524867222613876,1.0,0
reference,217,COND_kappa,1.7897013481758308,0.0063107157636529,0.01969602285164118,5.524867222613876,1.0,0
reference,218,HP_pH,1.2720203930615366,0.004671789210316107,0.013937757565983588,5.8326381855831375,1.0,0
reference,218,MP_pH,1.1733404976769286,0.00409519690653165,0.013321133823241738,5.8326381855831375,1.0,0
reference,218,COND_kappa,2.001413945849379,0.0066738781900990566,0.020595617839218067,5.8326381855831375,1.0,0
reference,219,HP_pH,1.2225434166791498,0.004403324918584312,0.014455853965548826,5.4822802397986345,1.0,0
reference,219,MP_pH,0.7025860805419839,0.002428228213432184,0.006467832231848547,5.4822802397986345,1.0,0
reference,219,COND_kappa,3.8007964779353367,0.012390015429491811,0.026694365068965525,5.4822802397986345,1.0,0
reference,220,HP_pH,1.169104274408296,0.004107017388706829,0.011177694151344397,5.507587979751434,1.0,0
reference,220,MP_pH,1.245032024210314,0.004256126234785929,0.010708078036861579,5.507587979751434,1.0,0
reference,220,COND_kappa,3.4485180340840644,0.011321983332476098,0.02748805759554601,5.507587979751434,1.0,0
high,201,HP_pH,1.7169245101757813,0.005961334102767555,0.01992974035312578,7.510796664530599,1.0,0
high,201,MP_pH,1.7226174459849446,0.00630254640186368,0.022928953180066713,7.510796664530599,1.0,0
high,201,COND_kappa,4.317129897260605,0.01413836461858352,0.04315536019733281,7.510796664530599,1.0,0
high,202,HP_pH,1.791011998968015,0.006154378260965421,0.019599257187735475,7.926745268425316,1.0,0
high,202,MP_pH,2.063194972800911,0.0072502960900027846,0.0199066330382891,7.926745268425316,1.0,0
high,202,COND_kappa,3.7023036132259435,0.013248513510225131,0.039151522124075355,7.926745268425316,1.0,0
high,203,HP_pH,1.89141171762917,0.006641247886222728,0.01644985296174717,8.287996278993797,1.0,0
high,203,MP_pH,2.117052374488628,0.007234521428742041,0.017593696664306435,8.287996278993797,1.0,0
high,203,COND_kappa,3.2549353004617534,0.010981984162189172,0.027097076915597068,8.287996278993797,1.0,0
high,204,HP_pH,1.5472538990129294,0.005522385224531114,0.014236681324987899,8.322808961575188,1.0,0
high,204,MP_pH,2.127949620169675,0.0075248659745258736,0.021540912128392264,8.322808961575188,1.0,0
high,204,COND_kappa,3.963865036916175,0.014172874614463794,0.04663213276649944,8.322808961575188,1.0,0
high,205,HP_pH,1.6015895731459313,0.005770243663241936,0.01710817221307792,7.937908156749185,1.0,0
high,205,MP_pH,2.0522048358616,0.007426593178607755,0.022295520124606227,7.937908156749185,1.0,0
high,205,COND_kappa,2.9972690647995504,0.010215670975282334,0.02825758756309077,7.937908156749185,1.0,0
high,206,HP_pH,1.9464138391844674,0.006894978119166635,0.022093931609180828,7.881235413542803,1.0,0
high,206,MP_pH,1.728415713956764,0.005848955530696461,0.013837601424944168,7.881235413542803,1.0,0
high,206,COND_kappa,4.06134569833064,0.013597007071096276,0.030411980208364164,7.881235413542803,1.0,0
high,207,HP_pH,2.1376360070393634,0.007217832107751571,0.01865886482043244,8.04985571880603,1.0,0
high,207,MP_pH,2.366288994887368,0.00811738712471676,0.019848661529087153,8.04985571880603,1.0,0
high,207,COND_kappa,5.752847185956607,0.0190944140894725,0.05217149832511203,8.04985571880603,1.0,0
high,208,HP_pH,1.6632186313361998,0.005496242013544019,0.01356723660465775,7.842220518732114,1.0,0
high,208,MP_pH,1.4808285102279797,0.005017268304883108,0.012367556038075378,7.842220518732114,1.0,0
high,208,COND_kappa,3.8439377757946644,0.01237717047248672,0.028482866234065457,7.842220518732114,1.0,0
high,209,HP_pH,1.5860841171863314,0.005488414505338559,0.014916896848344408,7.665891393872247,1.0,0
high,209,MP_pH,1.5119176095246587,0.005344372860393239,0.01575380825087258,7.665891393872247,1.0,0
high,209,COND_kappa,4.002459577057897,0.0135316015982697,0.032523537959381704,7.665891393872247,1.0,0
high,210,HP_pH,1.8929814457928824,0.006752480790393341,0.019494887884714984,7.87540205168697,1.0,0
high,210,MP_pH,1.5429353440285478,0.00555693731022774,0.016585370873897887,7.87540205168697,1.0,0
high,210,COND_kappa,3.4550614971488374,0.011751076454082965,0.031593639264892864,7.87540205168697,1.0,0
high,211,HP_pH,2.1374037528305134,0.007710759663815485,0.021527909951023716,7.801509978753498,1.0,0
high,211,MP_pH,1.5815302708697239,0.005382308758860313,0.01549349653759613,7.801509978753498,1.0,0
high,211,COND_kappa,3.45925818337771,0.012320737070758253,0.03476223792764374,7.801509978753498,1.0,0
high,212,HP_pH,1.9882428836931165,0.007186528059620684,0.021969548773073555,8.26544485084586,1.0,0
high,212,MP_pH,1.9320716505481474,0.006406937183335551,0.017536589878616837,8.26544485084586,1.0,0
high,212,COND_kappa,6.085984207848613,0.021209136563887013,0.047993545591565795,8.26544485084586,1.0,0
high,213,HP_pH,1.8346842735917477,0.006321591569515817,0.016658104861615897,8.043566170948498,1.0,0
high,213,MP_pH,1.5706782590948265,0.005941661923042986,0.01980163897574272,8.043566170948498,1.0,0
high,213,COND_kappa,3.1200389785166216,0.011853790246192084,0.03763832141673093,8.043566170948498,1.0,0
high,214,HP_pH,1.3843525795206801,0.00472804142532789,0.013694614387887327,7.479727926144314,1.0,0
high,214,MP_pH,1.3848390474406873,0.004665813827535654,0.01295161317983684,7.479727926144314,1.0,0
high,214,COND_kappa,3.3789100501043103,0.011679866586720144,0.032435920059756124,7.479727926144314,1.0,0
high,215,HP_pH,1.4420681673953126,0.00518042398987112,0.01449943065613013,7.75229995938259,1.0,0
high,215,MP_pH,1.704444111003161,0.006115717847982779,0.019751020550467402,7.75229995938259,1.0,0
high,215,COND_kappa,2.5617171836769956,0.009169906415930625,0.030190994344001854,7.75229995938259,1.0,0
high,216,HP_pH,1.8284674144907989,0.006552707113660767,0.019612514116522206,7.687865034164737,1.0,0
high,216,MP_pH,1.7400094398437016,0.005926993612078253,0.016154585332207816,7.687865034164737,1.0,0
high,216,COND_kappa,4.724456528688763,0.016135247860027853,0.037629197839164005,7.687865034164737,1.0,0
high,217,HP_pH,1.9889872568286524,0.006618710543937183,0.0179229424707934,7.809131384681872,1.0,0
high,217,MP_pH,1.5299028388906084,0.005222302855840181,0.015639746307586577,7.809131384681872,1.0,0
high,217,COND_kappa,2.432879205600413,0.008497738912285568,0.02771658923542769,7.809131384681872,1.0,0
high,218,HP_pH,1.996270874421354,0.0072174442949265545,0.02072292573466683,8.152057159237945,1.0,0
high,218,MP_pH,1.8344126991752603,0.0064555740088507955,0.021209940796614646,8.152057159237945,1.0,0
high,218,COND_kappa,3.048839561213324,0.010653247868855303,0.03048532267869103,8.152057159237945,1.0,0
high,219,HP_pH,1.7956279354348954,0.0064530357270548904,0.021309229699411958,7.721539860880176,1.0,0
high,219,MP_pH,1.0464994060424733,0.0036411274769664256,0.009926226422411588,7.721539860880176,1.0,0
high,219,COND_kappa,4.4391012265783,0.014762163782955666,0.03142539653666354,7.721539860880176,1.0,0
high,220,HP_pH,1.722339188593029,0.006076157706815977,0.016294155350720985,7.794227973018247,1.0,0
high,220,MP_pH,1.8784814696971068,0.006487900970610551,0.01677732758766659,7.794227973018247,1.0,0
high,220,COND_kappa,5.486709158544041,0.017847921712400964,0.03997942247059466,7.794227973018247,1.0,0
