severity,CV,IAE_mean,IAE_SD,RMSE_mean,PeakDev_mean,TV_total_mean,DMC_active_ratio_mean,QP_infeasible_total
high,COND_kappa,3.904452446555088,1.0033380791694433,0.01336192172930828,0.03548670748293255,7.8904115362486,1.0,0
high,HP_pH,1.7946485033135589,0.21263008695254326,0.006297246838423462,0.018013344890492534,7.8904115362486,1.0,0
high,MP_pH,1.7458137307268387,0.3091479587667433,0.006093504133488146,0.017395044941064253,7.8904115362486,1.0,0
low,COND_kappa,2.076843275861719,0.9418851669940406,0.007443257209019014,0.01784085914377758,2.977994183235933,1.0,0
low,HP_pH,0.5964179683673264,0.06632633531479486,0.002085412426191852,0.006083300914569545,2.977994183235933,1.0,0
low,MP_pH,0.5798898013704117,0.09875225090145524,0.0020168176624910075,0.005775671614597755,2.977994183235933,1.0,0
reference,COND_kappa,2.9668247888596655,0.9015606571321901,0.010369112259352612,0.026962627494425857,5.604581094534447,1.0,0
reference,HP_pH,1.1889370880657424,0.13290068017977139,0.004168228885616529,0.012023796259002318,5.604581094534447,1.0,0
reference,MP_pH,1.1547910849984027,0.20040590368938935,0.004025098379597583,0.011545753295283668,5.604581094534447,1.0,0
